{"cameraMode":{"drawMode":0,"name":"Shaded","section":"Shading Mode"},"sceneLighting":true,"audioPlay":false,"sceneViewState":{"showFog":true,"showMaterialUpdate":false,"showSkybox":true,"showFlares":true,"showImageEffects":true,"showParticleSystems":true},"in2DMode":false,"pivot":{"x":4512.76318359375,"y":33.853965759277347,"z":697.8080444335938},"rotation":{"x":0.06744170188903809,"y":-0.6691042184829712,"z":-0.061179716140031818,"w":-0.7375690937042236},"size":13.861318588256836,"orthographic":false}